{"httpProtocol":"HTTP/1.1","clientAcceptEncoding":"gzip, deflate, br","requestPriority":"","edgeRequestKeepAliveStatus":1,"requestHeaderNames":{},"clientTcpRtt":11,"colo":"ORD","asn":396982,"asOrganization":"Google LLC","country":"US","isEUCountry":false,"city":"Council Bluffs","continent":"NA","region":"Iowa","regionCode":"IA","timezone":"America/Chicago","longitude":"-95.86083","latitude":"41.26194","postalCode":"51502","metroCode":"652","tlsVersion":"TLSv1.3","tlsCipher":"AEAD-AES256-GCM-SHA384","tlsClientRandom":"25gAgNhpOcO7+6qRv+gr/0KzeDk5iN0x26zFKsXLALI=","tlsClientCiphersSha1":"kXrN3VEKDdzz2cPKTQaKzpxVTxQ=","tlsClientExtensionsSha1":"1eY97BUYYO8vDaTfHQywB1pcNdM=","tlsClientExtensionsSha1Le":"u4wtEMFQBY18l3BzHAvORm+KGRw=","tlsExportedAuthenticator":{"clientHandshake":"f4d54a6a5c6a4a7e8d7d0cb230895ec15e1b0abb3ba2519f3eb6cf1b00b844d8049b63e3a45ad7135bd8ae1abb48d181","serverHandshake":"9fd67b1b053341d22be707c4ee495fc3d4b8d505fe63644d22bf5dd013007b3c1d1e7a1e976b5a2b0328a100ae154e0b","clientFinished":"74b5bf3bcb80ef697dc2341bfbc70e744f67c0ad7a291728d6295bf799db5c6a38c68ad3e6c51eef33874f3c67fa6838","serverFinished":"9d8524f5d2b57bf3a9ad4551ba7b3002004ff9a0759808964726cdbc2c71da324b06c241180d88db8055901b95b8ba8f"},"tlsClientHelloLength":"1605","tlsClientAuth":{"certPresented":"0","certVerified":"NONE","certRevoked":"0","certIssuerDN":"","certSubjectDN":"","certIssuerDNRFC2253":"","certSubjectDNRFC2253":"","certIssuerDNLegacy":"","certSubjectDNLegacy":"","certSerial":"","certIssuerSerial":"","certSKI":"","certIssuerSKI":"","certFingerprintSHA1":"","certFingerprintSHA256":"","certNotBefore":"","certNotAfter":""},"verifiedBotCategory":"","botManagement":{"corporateProxy":false,"verifiedBot":false,"jsDetection":{"passed":false},"staticResource":false,"detectionIds":{},"score":99}}